,qs1,qs2,qs3,qs4,qs5,merge1,partition_sort
qs1,1.0,1.7222166708751552e-247,1.0372259288507826e-239,4.4826603351404224e-21,7.547470794692349e-24,4.998003327187332e-26,0.0
qs2,,1.0,0.2836835732093717,1.52314756047434e-159,7.901420975604123e-184,1.7223043181816366e-207,0.0
qs3,,,1.0,5.520536463591497e-152,3.641114858189919e-175,8.6015539851359e-198,0.0
qs4,,,,1.0,0.8922496375909819,0.8486118601527783,0.0
qs5,,,,,1.0,0.958059167684806,0.0
merge1,,,,,,1.0,0.0
partition_sort,,,,,,,1.0
